{
  "model_type": "IndependentTime",
  "training_history": {
    "train_losses": [
      1.6217442951632577,
      0.8251550169957487,
      0.7628442565549586,
      0.7291667005082704,
      0.7048437858173172,
      0.6852152134745063,
      0.667755077421438,
      0.6525482627382121,
      0.6390087451156243,
      0.6266253105491362,
      0.6169510215445122,
      0.6070829657731244,
      0.5992317881903776,
      0.5919559172329788,
      0.5862034409670243,
      0.5811772306734907,
      0.576619062691056,
      0.5615510108018013,
      0.5588878809156078,
      0.5545706182074517,
      0.5521342331754207
    ],
    "val_losses": [
      0.8946796156348983,
      0.8026087524379111,
      0.771260397596509,
      0.7554732302096502,
      0.743891591489003,
      0.7370012053020337,
      0.7313688135271921,
      0.7270798580184656,
      0.7250744272901125,
      0.7235810628736207,
      0.7219073750585786,
      0.7221080395563735,
      0.7227511530771306,
      0.7229761702852099,
      0.7242145235625861,
      0.7242278781236778,
      0.7253741896589389,
      0.7245094442242728,
      0.724725531657953,
      0.7246646219523165,
      0.7245916849031498
    ],
    "learning_rates": [
      0.001,
      0.001,
      0.001,
      0.001,
      0.001,
      0.001,
      0.001,
      0.001,
      0.001,
      0.001,
      0.001,
      0.001,
      0.001,
      0.001,
      0.001,
      0.001,
      0.001,
      0.0006,
      0.0006,
      0.0006,
      0.0006
    ],
    "best_loss": 0.7219073750585786,
    "best_rmse": 0.8496513255792512,
    "total_epochs": 21
  },
  "model_params": {
    "total_params": 628984,
    "trainable_params": 628984,
    "k_factors": 60,
    "time_factors": 16
  }
}